Published Date,Title,Content,URL,News Channel,News Channel URL,Bias,Tags
Mar 26 2024,"Abortion pill ruling could be ""catastrophic"" for new drug development","The Supreme Court today will hear a challenge to the FDA's approval of mifepristone, a medicine used to help induce abortions.
Why it matters: Were SCOTUS to rule in favor of mifepristone's opponents, it could chill future biotech investment for almost every medical indication.
Zoom out: The core question in the case is over whether the FDA has sole discretion to determine a drug",https://www.allsides.com/news/2024-03-26-1531/supreme-court-abortion-pill-ruling-could-be-catastrophic-new-drug-development,Axios,https://www.axios.com/2024/03/26/abortion-supreme-court-drug-development,left,"['Supreme Court', 'Abortion', 'Abortion Pills', 'Healthcare', ""Women's Issues"", 'Pharmaceuticals']"
Mar 26 2024,Supreme Court seems likely to preserve access to the abortion medication mifepristone,"The Supreme Court on Tuesday seemed likely to preserve access to a medication that was used in nearly two-thirds of all abortions in the U.S. last year, in the court’s first abortion case since conservative justices overturned Roe v. Wade two years ago.
In nearly 90 minutes of arguments, a consensus appeared to emerge that the abortion opponents who challenged the FDA’s approval of the",https://www.allsides.com/news/2024-03-26-1317/supreme-court-supreme-court-seems-likely-preserve-access-abortion-medication,Associated Press,https://apnews.com/article/supreme-court-abortion-mifepristone-telemedicine-4406d53e8af90f6a523264f535f5adf8,left,"['Supreme Court', 'Abortion', 'Roe V Wade', 'Abortion Pills', 'Healthcare', ""Women's Issues""]"
Mar 26 2024,Supreme Court Appears Unlikely to Upend Abortion-Pill Access,"The Supreme Court appeared likely to preserve access to the abortion pill mifepristone, following arguments Tuesday in which justices suggested that protecting doctors who oppose abortion wasn’t enough justification to roll back access to the drug.
The case is the first major abortion issue to reach the Supreme Court after it overruled Roe v. Wade two years ago, rescinding women’s",https://www.allsides.com/news/2024-03-26-1316/supreme-court-supreme-court-appears-unlikely-upend-abortion-pill-access,Wall Street Journal (News),https://www.wsj.com/us-news/law/supreme-court-arguments-abortion-pill-mifepristone-c31de31a?mod=hp_lead_pos1,center,"['Supreme Court', 'Abortion', 'Roe V Wade', 'Abortion Pills', 'Healthcare', ""Women's Issues""]"
Mar 26 2024,Supreme Court appears inclined to preserve broad access to abortion drug,"The Supreme Court appeared ready to dismiss a challenge on Tuesday from opponents of the Food and Drug Administration's (FDA) relaxed requirements for dispensing an abortion drug, used to terminate nearly two-thirds of abortions in the country. That would be a victory for the Biden administration and abortion rights supporters, by keeping current rules in place and allowing access in most of",https://www.allsides.com/news/2024-03-26-1315/supreme-court-supreme-court-appears-inclined-preserve-broad-access-abortion,Fox News (Online News),https://www.foxnews.com/politics/supreme-court-inclined-preserve-broad-access-abortion-drug,right,"['Supreme Court', 'Abortion', 'Roe V Wade', 'Abortion Pills', 'Healthcare', ""Women's Issues""]"
Mar 26 2024,We’re who Justice Alito said should make abortion law. Leave mifepristone alone.,"The Supreme Court will hear oral arguments Tuesday in the biggest abortion case in the two years since it rolled back women’s reproductive health protections by striking down Roe v. Wade. In that disastrous 6-3 decision, Justice Samuel Alito, writing for the majority, said, “It is time to heed the Constitution and return the issue of abortion to the people’s elected representatives.”",https://www.allsides.com/news/2024-03-26-1204/public-health-we-re-who-justice-alito-said-should-make-abortion-law-leave,Multiple Writers - Lean Left,https://www.msnbc.com/opinion/msnbc-opinion/abortion-pill-ruling-mifepristone-supreme-court-rcna144565,left,"['Abortion', 'Public Health', 'Healthcare', 'Prescription Drugs', 'Abortion Pills', 'Supreme Court']"
Mar 26 2024,Protests rage amid SCOTUS abortion arguments,"WASHINGTON (NEXSTAR) – Protesters made their presence known bright and early Tuesday, ahead of the oral arguments set to take place at the Supreme Court. The medication Mifepristone, used in over 60% of all abortions in 2023, may become more difficult to obtain going forward if the Supreme Court rules that moves by the Food and Drug Administration in 2016 and 2021 violated federal law. Both",https://www.allsides.com/news/2024-03-26-0930/abortion-protests-rage-amid-scotus-abortion-arguments,Fox 4 Kansas City,https://fox4kc.com/politics/washington-dc-bureau/protests-rage-amid-scotus-abortion-arguments,center,"['Protests', 'Abortion']"
Mar 26 2024,Florida arrests petition gatherer accused of submitting fraudulent signatures for abortion measure,"The Florida Department of Law Enforcement (FDLE) has arrested a Tampa man for allegedly committing petition fraud on an abortion initiative. Investigators say Andres Felipe Salazar, a paid petition circulator for Floridians Protecting Freedom, submitted more than 30 fraudulent signatures in Sarasota County. Tampa police arrested Salazar on March 21. The 37-year-old is being held on 12 charges",https://www.allsides.com/news/2024-03-26-0830/abortion-florida-arrests-petition-gatherer-accused-submitting-fraudulent,Florida Politics,https://floridapolitics.com/archives/666809-florida-arrests-petition-gatherer-accused-of-submitting-fraudulent-signatures-for-abortion-measure,center,['Abortion']
Mar 26 2024,Today on Texas Standard: An Indigenous perspective on the solar eclipse from a traditional healer,"Here’s what’s coming up on Texas Standard for Tuesday, March 26, 2024. Listen on your Texas public radio station, or ask your smart speaker to play Texas Standard. Check back later today for updated story links and audio. The Supreme Court is hearing oral arguments today in two cases challenging access to medication abortion. Southern Methodist University health law professor Seema Mohapatra",https://www.allsides.com/news/2024-03-26-0745/general-news-today-texas-standard-indigenous-perspective-solar-eclipse,Texas Standard,https://texasstandard.org/stories/today-on-texas-standard-march-26-2024,center,['-General News']
Mar 26 2024,Abortion pill usage surged post-Roe. These numbers show the dramatic rise,"Americans’ use of medication abortion has rapidly expanded since 2000, when the FDA approved the use of mifepristone. Less than a quarter of a century ago, abortion pills could not be legally obtained from a U.S.-based medical provider. Now, they are the most common method of terminating a pregnancy — used by 3 out of 5 abortion patients in the U.S. Americans’ use of medication abortion has",https://www.allsides.com/news/2024-03-26-0430/abortion-abortion-pill-usage-surged-post-roe-these-numbers-show-dramatic-rise,Los Angeles Times,https://latimes.com/world-nation/story/2024-03-26/abortion-pills-ruling-mifepristone-supreme-court-numbers,left,['Abortion']
Mar 26 2024,Supreme Court considers abortion pill access and major Baltimore bridge collapses: Morning Rundown,The Supreme Court will hear arguments over whether the abortion pill mifepristone should remain on the market. Federal agents executed search warrants at properties belonging to rap mogul Sean “Diddy” Combs. And the Los Angeles Dodgers’ Shohei Ohtani spoke for the first time since his former interpreter was accused of “massive theft.” Here’s what to know today. The Supreme Court will hear,https://www.allsides.com/news/2024-03-26-0430/supreme-court-supreme-court-considers-abortion-pill-access-and-major-baltimore,NBC News (Online),https://nbcnews.com/news/abortion-pill-baltimore-bridge-collapse-morning-rundown-rcna145048,left,"['Abortion', 'Supreme Court']"
Mar 26 2024,Supreme Court to hear abortion pill case today as justices weigh access to widely used drug,"Twenty months after the Supreme Court ruled to return abortion policy to the states, the issue will be before the justices again on Tuesday, when they weigh a case that threatens to curtail access to a commonly used drug taken in a medication abortion.
The dispute involves a series of actions that the Food and Drug Administration took beginning in 2016 that made the pill, mifepristone,",https://www.allsides.com/news/2024-03-26-0343/abortion-supreme-court-hear-abortion-pill-case-today-justices-weigh-access,CBS News (Online),https://www.cbsnews.com/news/supreme-court-abortion-pill-arguments-mifepristone/,left,"['Abortion', 'Politics', 'Roe V Wade', 'Supreme Court', 'Pharmaceuticals', ""Women's Issues""]"
Mar 26 2024,How the SCOTUS abortion pill case could impact Virginia,"On Tuesday, the Supreme Court will consider whether to make a medication used in 63% of U.S. abortions harder to obtain. Why it matters: The case could threaten access to the abortion pill nationwide, including in the 20 states like Virginia where it's legal without limitations. How it works: The Supreme Court is looking at whether to reimpose restrictions for the use of mifepristone, which is",https://www.allsides.com/news/2024-03-26-0345/abortion-how-scotus-abortion-pill-case-could-impact-virginia,Axios,https://axios.com/local/richmond/2024/03/26/virginia-supreme-court-abortion-pill-mifepristone,left,['Abortion']
Mar 26 2024,"Abortion Is Back in Front of the Supreme Court, and a Baltimore Bridge Collapses","The New York Times Audio app is home to journalism and storytelling, and provides news, depth and serendipity. If you haven’t already, download it here — available to Times news subscribers on iOS — and sign up for our weekly newsletter.
The Headlines brings you the biggest stories of the day from the Times journalists who are covering them, all in about five minutes.",https://www.allsides.com/news/2024-03-26-0330/supreme-court-abortion-back-front-supreme-court-and-baltimore-bridge-collapses,New York Times (News),https://nytimes.com/2024/03/26/podcasts/abortion-pill-trump.html,left,"['Abortion', 'Supreme Court']"
Mar 26 2024,"Alabama special election to test political potency of abortion, IVF",A special election in an unusual purple Alabama state House district is testing the political potency of reproductive rights in a red state after a major ruling there last month led to a temporary pause on in vitro fertilization (IVF) treatment. Republican Teddy Powell is running against Democrat Marilyn Lands in a special election for Huntsville-area state House District 10. Powell has leaned,https://www.allsides.com/news/2024-03-26-0330/abortion-alabama-special-election-test-political-potency-abortion-ivf,Fox 4 Kansas City,https://fox4kc.com/politics/hill-politics/alabama-special-election-to-test-political-potency-of-abortion-ivf,center,['Abortion']
Mar 26 2024,"Abortion access, marijuana ballot measures face make-or-break court rulings in Florida","TALLAHASSEE – Two separate ballot measures that would safeguard abortion access in Florida and legalize recreational marijuana are approaching a make-or-break deadline with the state’s Supreme Court. Justices have until April 1 to decide if the ballot summaries for these proposed constitutional amendments comply with state law, effectively meaning they are not misleading to voters. If justices",https://www.allsides.com/news/2024-03-26-0230/abortion-abortion-access-marijuana-ballot-measures-face-make-or-break-court,Florida Times-Union,https://jacksonville.com/story/news/politics/2024/03/26/court-weighs-abortion-access-marijuana-ballot-measures-face-make-or-break-court-rulings-florida/73098387007,center,['Abortion']
Mar 25 2024,"Bhalla, Menendez File To Face Off In 8th Dist. Democratic Primary For Congress","Bhalla will compete against incumbent Rob Menendez Jr. in the June 4 primary. The winner of that contest will face off in November against Republicans and potential independents. The 8th District includes Hoboken, some of Jersey City, most Hudson County towns, Elizabeth, and the East and North Wards of Newark. Bhalla said Monday, ""Voters were excited to hear that they will have a real choice",https://www.allsides.com/news/2024-03-25-1630/politics-bhalla-menendez-file-face-8th-dist-democratic-primary-congress,Patch.com,https://patch.com/new-jersey/hoboken/bhalla-menendez-file-face-democratic-primary-congress,center,"['Congress', 'DNC', 'Politics']"
Mar 25 2024,New York pro-lifers march with ‘joy on steroids’,"The New York Police Department arrested at least eight pro-abortion protestors during the event, one social media user who was at the event told CNA. Catherine Donohoe, president of the Pregnancy Service Network and one of the speakers at the rally, told CNA that she estimated there were about 120 pro-abortion protestors. She said the walk was a good way to begin Holy Week and to join in",https://www.allsides.com/news/2024-03-26-0015/general-news-new-york-pro-lifers-march-joy-steroids,Catholic News Agency,https://catholicnewsagency.com/news/257193/photos-pro-lifers-march-on-despite-heavy-rain-and-taunting-at-new-york-citys-gift-of-life-walk,right,['-General News']
Mar 25 2024,Bill that would have placed the question of abortion access before Louisiana voters fails,"BATON ROUGE, La. — A bill that ultimately would have let voters decide whether abortions should be legal in Louisiana, a state with a near-total ban, failed after a Republican-controlled committee rejected it Monday. The legislation proposed an amendment to Louisiana’s constitution that would enshrine reproductive rights for women, including allowing contraceptives such as birth control,",https://www.allsides.com/news/2024-03-25-1545/abortion-bill-would-have-placed-question-abortion-access-louisiana-voters-fails,Washington Post,https://washingtonpost.com/politics/2024/03/25/louisiana-abortion-ban-bill/f2ee10e8-eaf4-11ee-8f2c-380a821c02db_story.html,left,['Abortion']
Mar 25 2024,ND GOP to vote on abortion resolution,"BISMARCK, N. D.- (KFGO/PRARIE PUBLIC) – The state committee of the North Dakota Republican Party has approved a new anti-abortion resolution that will be voted on at the state GOP convention next month in Fargo. Sources have said the resolution would call for the outlawing of all abortions, and would provide for criminal charges against a woman who has an abortion, as well as “co-conspirators",https://www.allsides.com/news/2024-03-25-1445/abortion-nd-gop-vote-abortion-resolution,KFGO,https://kfgo.com/2024/03/25/nd-gop-to-vote-on-abortion-resolution,left,"['Abortion', 'GOP']"
Mar 25 2024,Vt. Attorney General Charity Clark running for reelection,"MONTPELIER, Vt. (WCAX) - Vermont Attorney General Charity Clark says she is running for reelection. Clark held a press conference in Winooski on Monday saying she is here to stay. The Democrat says she wants to continue fighting for issues like consumer protection, climate change, abortion rights and gender equality. While her campaign ramps up, she says she hopes to be an example for other",https://www.allsides.com/news/2024-03-25-2315/politics-vt-attorney-general-charity-clark-running-reelection,WCAX 3,https://wcax.com/2024/03/25/vt-attorney-general-charity-clark-running-reelection,center,['Politics']
Mar 25 2024,When Voters Don’t Want Anyone to Be President,"From the Center


There was a time in American politics in which voters chose their candidates based on whom they held in the highest regard, weighing their options and making their selection based on which of their alternatives they held in higher regard and would perform more effectively in office. That era no longer exists.
We now live in an era of negative partisanship, in which",https://www.allsides.com/blog/when-voters-don-t-want-anyone-be-president,Dan Schnur,,center,"['2024 Presidential Election', 'Donald Trump', 'Joe Biden', 'Politics', 'Robert F Kennedy Jr', 'Moderates']"
Mar 25 2024,Peggy Flanagan's Abortion-Based March Madness Bracket Raises Eyebrows,"ST. PAUL, MN — Every college basketball fan has their own strategy when it comes to picking a winner for their annual March Madness brackets. But Minnesota Lt. Governor Peggy Flanagan raised eyebrows when she announced that her brackets for the men’s and women’s basketball tournaments were based on the most pro-abortion rights states. “I filled out my brackets based on whether those schools",https://www.allsides.com/news/2024-03-25-0745/abortion-peggy-flanagans-abortion-based-march-madness-bracket-raises-eyebrows,Patch.com,https://patch.com/minnesota/saintpaul/peggy-flanagans-abortion-based-march-madness-bracket-raises-eyebrows,center,"['Abortion', 'Basketball']"
Mar 25 2024,How is abortion shaping 2024? Look at Arizona.,"Democrats are counting on abortion rights to carry them to victory this fall in races across the country. But nowhere more so than in Arizona.
Abortion-rights activists are gathering hundreds of thousands of signatures to put a measure on the ballot enshrining protections in the state’s constitution. Doing so, Democrats believe, will juice turnout on the left, giving them a chance to",https://www.allsides.com/news/2024-03-25-0626/abortion-how-abortion-shaping-2024-look-arizona,Politico,https://www.politico.com/news/2024/03/25/abortion-2024-elections-arizona-00148683,left,"['Abortion', '2024 Elections', 'Arizona']"
Mar 25 2024,"Welcome to Bristol, where America’s abortion debate is right on your doorstep","BRISTOL, Tenn.-Va. – A sign overlooking the downtown traffic on State Street marks where Virginia meets Tennessee. Lauded as the birthplace of country music and home to NASCAR's Bristol Motor Speedway, the two states in this Appalachian community share a library, chamber of commerce and post office. But the fall of Roe v. Wade in 2022 tore Bristol in two. Virginia allows the procedure.",https://www.allsides.com/news/2024-03-25-0245/abortion-welcome-bristol-where-america-s-abortion-debate-right-your-doorstep,"""USA Today"" Contributor",https://usatoday.com/story/news/health/2024/03/25/abortion-access-debate-bristol-virginia-tennessee/72582998007,left,['Abortion']
Mar 25 2024,"Despite six-week abortion ban in SC, local nonprofits work to help patients anyway","Between a real estate attorney’s office and a county magistrate building sits one of South Carolina’s three abortion clinics. Pink and white signs beckon patients, discreetly placed so as not to invite unwanted attention. Since the overturning of Roe v. Wade in 2022, women and advocates in the state of South Carolina have struggled to safeguard access to reproductive health care, including",https://www.allsides.com/news/2024-03-25-0245/abortion-despite-six-week-abortion-ban-sc-local-nonprofits-work-help-patients,The State,https://thestate.com/news/politics-government/article286825135.html,center,"['South Carolina', 'Abortion']"
Mar 24 2024,Future of medication abortion in the spotlight again ahead of SCOTUS case,"Future of medication abortion in the spotlight again ahead of SCOTUS case This week, the Supreme Court will take up a case that could have major impacts on women's reproductive healthcare. This week, the Supreme Court will take up a case that could have major impacts on women's reproductive healthcare. This week, the Supreme Court will take up a case that could have major impacts on women's",https://www.allsides.com/news/2024-03-24-2145/abortion-future-medication-abortion-spotlight-again-ahead-scotus-case,ABC 11 WTVD,https://abc11.com/womens-reproductive-health-abortions-us-supreme-court-mifepristone/14566674,center,['Abortion']
Mar 24 2024,"CT Democrats Look to Enshrine Protections for Gender Identity, Abortion","Connecticut Democrats are looking to enshrine discrimination protections for abortion and gender identity into the state Constitution. The measure, Senate Joint Resolution No. 4, would add state’s equal protection clause and bar discrimination “based on pregnancy, including preventing, initiating, continuing, or terminating a pregnancy; sexual orientation; gender identity and expression; and",https://www.allsides.com/news/2024-03-24-1730/abortion-ct-democrats-look-enshrine-protections-gender-identity-abortion,Breitbart News,https://breitbart.com/politics/2024/03/24/connecticut-amendment-would-enshrine-protections-for-gender-identity-abortion,right,['Abortion']
Mar 24 2024,'Some serious stigma': Arizona lawmaker explains why she revealed abortion during Senate speech,"Democratic Sen. Eva Burch got call from VP Harris after speech went viral. Burch says she wants a 'more honest conversation.' Example video title will go here for this video Next up in 5 Example video title will go here for this video Next up in 5 Burch, who is 43, had the procedure done Wednesday, eight weeks into her pregnancy. She was back at work later in the day. ""If I was made to feel",https://www.allsides.com/news/2024-03-24-1430/abortion-some-serious-stigma-arizona-lawmaker-explains-why-she-revealed,12News,https://12news.com/article/news/politics/sunday-square-off/arizona-lawmaker-explains-why-she-revealed-abortion-during-senate-speech/75-6127b125-e62c-4b54-8a1e-f0426427a220,center,['Abortion']
Mar 24 2024,'Confused and frightened': Texas Medical Board guidance on abortion ban exceptions unveiled,"The Texas Medical Board hewed closely to state law in its draft guidelines released Friday outlining medical exceptions to the state's near-total abortion ban, leaving many residents discouraged over what they called a continued lack of clarity about which health conditions must be present to legally terminate a pregnancy. ""Putting all the definitions in one place, that’s helpful. But it doesn",https://www.allsides.com/news/2024-03-24-0930/abortion-confused-and-frightened-texas-medical-board-guidance-abortion-ban,Austin American-Statesman,https://statesman.com/story/news/politics/state/2024/03/24/texas-abortion-ban-medical-board-proposes-guidelines-for-pregnant-women/72993646007,center,['Abortion']
Mar 24 2024,The demographics of abortion in Minnesota,"(Center of the American Experiment) — Kamala Harris made big news this month for visiting a St. Paul abortion clinic. The Associated Press (AP) reports: Not to be outdone, the state’s lieutenant governor, Peggy Flanagan, chose her NCAA Div. 1 basketball brackets based on which teams’ home states have the more permissive abortion laws. (Hint: she bets big on the three “Cs”: California, Colorado",https://www.allsides.com/news/2024-03-24-0545/abortion-demographics-abortion-minnesota,Alpha News,https://alphanews.org/the-demographics-of-abortion-in-minnesota,right,['Abortion']
Mar 24 2024,"California police agencies are still sharing data with antiabortion states, against AG’s guidance","Rejecting the advice of Attorney General Rob Bonta, some law enforcement agencies in California, including several in the Bay Area, are continuing to share automated license plate reader data with police departments in other states, which could use the information to track seekers and providers of abortions. One local agency said it would stop sharing the data after being contacted by the",https://www.allsides.com/news/2024-03-24-0430/politics-california-police-agencies-are-still-sharing-data-antiabortion-states,San Francisco Chronicle,https://sfchronicle.com/politics/article/police-data-sharing-19257348.php,left,['Politics']
Mar 23 2024,Sarah on the offense,"Gov. Sarah Sanders has opted to engage her real opponent, which is the people's constitutional authority to make their own laws.
You take your eyes off the unpredictable voters of Arkansas and you're apt to find abortion rights restored in Arkansas, medical marijuana availability on the rise, and private and parochial...",https://www.allsides.com/news/2024-03-24-0030/politics-sarah-offense,Arkansas Democrat-Gazette,https://arkansasonline.com/news/2024/mar/24/sarah-on-the-offense,left,"['Politics', 'DNC']"
Mar 23 2024,"Mark Gordon Rejects Abortion Bill, Approves Sex Change Treatment Ban For Minors","Republican Wyoming Gov. Mark Gordon rejected a bill that would impose new restrictions on abortion services in the state Friday, NBC News reported. Gordon rejected a bill that would have added new rules for abortion services, according to NBC News. The bill would mandate clinics providing surgical abortions to get a special license, which could make them more expensive to run. It also said",https://www.allsides.com/news/2024-03-23-0745/abortion-mark-gordon-rejects-abortion-bill-approves-sex-change-treatment-ban,The Daily Caller,https://dailycaller.com/2024/03/23/wyoming-mark-gordon-rejects-abortion-bill-approves-sex-change-treatment-ban-minors,right,['Abortion']
Mar 23 2024,"Kansas City Chiefs kicker Harrison Butker on faith, fatherhood and abortion","Super Bowl champion kicker Harrison Butker of the Kansas City Chiefs wasn't afraid to let his views be known in a recent sit-down with EWTN News for a wide-ranging interview last week. In addition to discussing his team's victory over the San Francisco 49ers in last month's Super Bowl, Butker, a member of the Catholic fraternal order Knights of Columbus, outlined the vital role faith and",https://www.allsides.com/news/2024-03-23-0530/abortion-kansas-city-chiefs-kicker-harrison-butker-faith-fatherhood-and,The Christian Post,https://christianpost.com/news/5-highlights-from-harrison-butkers-ewtn-interview.html,right,"['Football', 'Kansas City Chiefs', 'NFL', 'Abortion']"
Mar 23 2024,"In a critical time for abortion rights, Planned Parenthood’s leader aims for a third way, focusing on health equity","DES MOINES — Ruth Richardson waited near the Iowa capitol's grand staircase, just outside the limelight. At the podium nearby, abortion-rights supporters railed against the state's conservative swing on abortion following the overturning of Roe v. Wade, calling Republican bills ""nonsense,"" ""pseudoscientific"" and ""speaking for the extreme."" Richardson glanced at her speech and its somewhat",https://www.allsides.com/news/2024-03-23-0545/abortion-critical-time-abortion-rights-planned-parenthood-s-leader-aims-third,Star Tribune,https://startribune.com/the-old-dividing-line-in-reproductive-care-pro-life-vs-pro-choice-is-antiquated-in-a-critical-time-ruth-richardson-aims-toward-a-third-way-focusing-her-organization-on-health-equity/600353522,left,"['Abortion', 'Planned Parenthood']"
Mar 23 2024,Prenatal Lives Count … At Least Sometimes,"William Kelly was charged with killing Christine Falzone by blunt force trauma in New Hampshire last December. At the time of her death, Falzone was 35-37 weeks pregnant, i.e., less than a month away from giving birth. Is William Kelly guilty of one crime? Or two? New Hampshire – while not exactly the most prolife state (there’s an effort afoot to write abortion-on-demand into the state",https://www.allsides.com/news/2024-03-23-0545/general-news-prenatal-lives-count-least-sometimes,American Thinker,https://americanthinker.com/articles/2024/03/prenatal_lives_count_at_least_sometimes.html,right,['-General News']
Mar 23 2024,Missouri lawmakers break new ground to stop constitutional amendments — and abortion,"While state lawmakers across the country stumbled when trying to make it harder for voters to amend state constitutions, Missouri lawmakers took notes. In rhythm with a national trend, Republicans want to make it harder for voters to change the Missouri Constitution. As in other states, the efforts to block voter-led initiative petitions spring from increasingly tense fights over abortion. And",https://www.allsides.com/news/2024-03-23-0445/abortion-missouri-lawmakers-break-new-ground-stop-constitutional-amendments-and,The Kansas City Beacon,https://kcbeacon.org/stories/2024/03/23/missouri-initiative-petition-changes-abortion-2024,center,['Abortion']
Mar 22 2024,Advocates urge passage of abortion drug trafficking bill to combat 'black market',NaN,NaN,FOX 25 KOKH,NaN,center,"['Abortion', 'Human Trafficking', 'Crime']"
Mar 22 2024,Report shows substantial rise in out-of-state patients at Kansas clinics since Roe v. Wade reversal,"WICHITA, Kan. (KWCH) - Following the U.S. Supreme Court ruling to overturn Roe v. Wade in 2022, many states across the U.S. have bans and restrictions in place to try to prevent people from getting abortions. But a new report from a reproductive health advocacy group says that abortion numbers continue to rise. On Friday, 12 News spoke with a Wichita clinic about the impact in Kansas and why",https://www.allsides.com/news/2024-03-23-0115/abortion-report-shows-substantial-rise-out-state-patients-kansas-clinics-roe-v,KWCH,https://kwch.com/2024/03/23/report-shows-substantial-rise-out-of-state-patients-kansas-clinics-since-roe-v-wade-reversal,center,['Abortion']
Mar 22 2024,'They want to trans children so badly': Maine's 'transgender trafficking bill' likely to pass and trigger interstate battle,"Democratic state Rep. Anne Perry's LD 227, dubbed the ""Transgender Trafficker Protection Act"" by critics, is a radical piece of legislation that would codify the right to sex-change mutilations and abortion in Maine, shield sex-change surgeons from consequence, and bar authorities from notifying parents of the locations of their kidnapped children if those kids are said to be seeking ""gender-",https://www.allsides.com/news/2024-03-22-1045/general-news-they-want-trans-children-so-badly-maines-transgender-trafficking,The Blaze,https://theblaze.com/news/maines-transgender-trafficking-bill-likely-to-pass-and-trigger-interstate-battle,right,"['-General News', 'Human Trafficking']"
Mar 22 2024,Pregnancy Can Intensify Domestic Violence. Abortion Bans Are Making Things Worse.,"When Julianne McShane wanted to report on how some of the most vulnerable women in the United States were dealing with the Supreme Court’s decision to overturn Roe v. Wade, she knew exactly where she needed to go: Tulsa, Oklahoma. Oklahoma is where two realities collide. It is one of 16 states that have banned abortion almost entirely. “And it has some of the highest rates of intimate partner",https://www.allsides.com/news/2024-03-22-0745/abortion-pregnancy-can-intensify-domestic-violence-abortion-bans-are-making,Slate,https://slate.com/news-and-politics/2024/03/abortion-bans-domestic-violence-pregnancy-homicide-dobbs-roe-v-wade.html,left,"['Abortion', 'Violence']"
Mar 22 2024,Endangered Republican Don Bacon Quietly Deletes Anti-Abortion Endorsements From Website,"One of the GOP’s most vulnerable incumbent lawmakers, Don Bacon, is feeling the heat on abortion. In recent days, the Republican congressman from Nebraska quietly deleted the section on his campaign website touting a promise that he “will always fight to defend the right to life.” The section that disappeared from the site also enumerated Bacon’s perfect ratings from the anti-abortion",https://www.allsides.com/news/2024-03-22-0745/abortion-endangered-republican-don-bacon-quietly-deletes-anti-abortion,RollingStone.com,https://rollingstone.com/politics/politics-features/don-bacon-deletes-anti-abortion-endorsements-1234991819,left,"['Abortion', 'GOP']"
Mar 22 2024,This abortion rights ad was rejected from Times Square,"Good morning, Broadsheet readers! Sen. Elizabeth Warren wants the SEC to investigate Tesla’s board, physicians are warning against hormonal birth control misinformation, and an abortion rights campaign struggled to place an ad in Times Square. Have a great weekend. – Top billing. Earlier this month, the coalition Don’t Ban Equality, which rallies businesses to support abortion rights, began",https://www.allsides.com/news/2024-03-22-0545/abortion-abortion-rights-ad-was-rejected-times-square,Fortune,https://fortune.com/2024/03/22/abortion-rights-ad-times-square-billboard-reject-yelp-match-group,center,['Abortion']
Mar 22 2024,Far-left DC-based Democratic Legislative Campaign Committee backs…,"The D.C.-based Democratic Legislative Campaign Committee (DLCC) is focusing on the upcoming special House District 10 race in Madison, and Marilyn Lands appears to be their number one candidate. The DLCC is a far-left organization that operates across all 50 states, advocating for candidates that further their pro-abortion, anti-gun, and pro-illegal immigration issues. Lands and HD10 are",https://www.allsides.com/news/2024-03-22-0445/politics-far-left-dc-based-democratic-legislative-campaign-committee-backs,1819 News,https://1819news.com/news/item/far-left-dc-based-democratic-legislative-campaign-committee-backs-marylin-lands-in-hd10-race,right,"['DNC', 'Politics']"
Mar 22 2024,Launch to space station safely aborted,"MOSCOW -- Russia aborted the launch of three astronauts to the International Space Station moments before they were scheduled to lift off Thursday, but the crew was safe, officials said. The Russian Soyuz rocket was to carry NASA astronaut Tracy Dyson, Oleg Novitsky of Roscosmos and Marina Vasilevskaya of Belarus from the Russian-leased Baikonur launch facility in Kazakhstan. The launch was",https://www.allsides.com/news/2024-03-22-0230/science-launch-space-station-safely-aborted,Arkansas Democrat-Gazette,https://arkansasonline.com/news/2024/mar/22/launch-to-space-station-safely-aborted,left,"['DNC', 'Space', 'Science']"
Mar 21 2024,Connecticut Pro-Lifers Rally and March for Life in One of Nation’s Most Pro-Abortion States,"HARTFORD, Conn. — The abortion industry has profited from the troubles of Black women, a Black female pro-life Connecticut state legislator said. “You’ve mocked impoverished communities all while putting clinics in them. You’ve told me that I can’t be Black and pro-life because Black women need abortion more than anyone,” said State Rep. Treneé McGee, D-West Haven, during the third-annual",https://www.allsides.com/news/2024-03-21-1745/abortion-connecticut-pro-lifers-rally-and-march-life-one-nation-s-most-pro,National Catholic Register,https://ncregister.com/news/connecticut-pro-lifers-rally-and-march-for-life-in-one-of-nation-s-most-pro-abortion-states,right,['Abortion']
Mar 21 2024,Bill to shield providers of abortions and gender-affirming care advances after partisan clash in committee,"AUGUSTA — Lawmakers voted along party lines Thursday to advance a proposal to shield medical providers who provide abortion and gender-affirming care from hostile litigation by other states. The proposal, sponsored by Rep. Anne Perry, D-Calais, will head to House of Representatives for a floor debate in the coming days after the Health Coverage, Insurance and Financial Affairs Committee",https://www.allsides.com/news/2024-03-21-1630/politics-bill-shield-providers-abortions-and-gender-affirming-care-advances,Portland Press Herald,https://pressherald.com/2024/03/21/bill-to-shield-providers-of-abortions-and-gender-affirming-care-advances-after-partisan-clash-in-committee,center,['Politics']
Mar 21 2024,Democratic Socialist Judge With Anti-Cop Sentiments Forces Nevadans To Pay for Medicaid Abortions - Nevada Globe,"When Clark County District Judge Erika Ballou was a card carrying Socialist, Black Lives Matter activist, and Clark County Public Defender, she caused controversy in the courtroom for wearing a Black Lives Matter pin on her blouse. When asked by the presiding judge to remove the pin, Ballou protested and issued this statement: “If you think that Black Lives Matter is anti-police, ask yourself",https://www.allsides.com/news/2024-03-21-2315/healthcare-democratic-socialist-judge-anti-cop-sentiments-forces-nevadans-pay,The Nevada Globe,https://thenevadaglobe.com/governor/democratic-socialist-judge-with-anti-cop-sentiments-forces-nevadans-to-pay-for-medicaid-abortions,right,"['DNC', 'Healthcare']"
Mar 21 2024,Can Texas Create Its Own Immigration Policy?,"Sign up for the AllSides Story of the Week Newsletter to receive this blog in your inbox every Thursday.
A new immigration bill signed into law in Texas is raising constitutional concerns and criticisms of federal immigration policies.
Texas' Senate Bill 4 would make unlawful entry into Texas a state crime, empowering state troopers and cops to arrest individuals suspected of",https://www.allsides.com/blog/can-texas-create-its-own-immigration-policy,AllSides Staff,,12_0,"['Story Of The Week', 'Immigration', 'Border Crisis', 'US-Mexico Border', 'Joe Biden', 'Greg Abbott']"
Mar 21 2024,Majority Of House Republicans Endorse Abortion Ban That Threatens IVF,"A large majority of House Republicans released a budget proposal on Wednesday endorsing legislation that would threaten to make in vitro fertilization illegal nationwide. The move is a stunning turnabout after most of the party spent weeks voicing support for IVF following a controversial Alabama Supreme Court ruling that led providers in the state to halt the procedure.
The Republican",https://www.allsides.com/news/2024-03-21-1240/abortion-majority-house-republicans-endorse-abortion-ban-threatens-ivf,HuffPost,https://www.huffpost.com/entry/majority-of-house-republicans-endorse-legislation-that-threatens-ivf_n_65fb1967e4b0947e420114cc,left,"['Abortion', 'Politics', 'Republican Party', 'IVF', 'House Republicans', 'US Congress', 'US House']"
Mar 21 2024,Montana Supreme Court OKs pro-abortion measure for voters in 2024,"The Montana Supreme Court this week gave the green light to a pro-abortion amendment to the state’s constitution that may appear before voters in November. In a 6-1 decision issued on Monday, the court held that state Attorney General Austin Knudsen had “erred” when his office determined that the proposed pro-abortion ballot measure was “legally insufficient” to be placed on the ballot in this",https://www.allsides.com/news/2024-03-21-0945/supreme-court-montana-supreme-court-oks-pro-abortion-measure-voters-2024,Catholic News Agency,https://catholicnewsagency.com/news/257156/montana-supreme-court-oks-pro-abortion-measure-for-voters-in-2024,right,"['Abortion', 'Supreme Court']"
Mar 21 2024,How abortion is reshaping some races to become powerful state judges,"""I can tell you that they are getting asked those questions,"" one Democrat said. Montana is not known as a swing state, but in the wake of the end of Roe v. Wade, experts and political observers say that contests there could reveal more about the playbook for liberal and conservative candidates for some of the country's most impactful yet overlooked positions: state court judgeships. Two seats",https://www.allsides.com/news/2024-03-21-0530/abortion-how-abortion-reshaping-some-races-become-powerful-state-judges,ABC News (Online),https://abcnews.go.com/Politics/abortion-reshaping-races-become-powerful-state-judges/story,left,"['Abortion', 'Elections', 'Federal State And Tribal Powers']"
Mar 21 2024,She Had a Heart-Wrenching Abortion. Now She’s a Candidate—in Alabama,"She Had a Heart-Wrenching Abortion. Now She’s a Candidate—in Alabama Marilyn Lands is running in a special election for an Alabama state House seat—and she's built her campaign around her own painful abortion story.
Clinic Escorts shield the identity of a woman from anti-abortion protesters entering the Reproductive Health Services building in Montgomery, Alabama, on May 20, 2019.",https://www.allsides.com/news/2024-03-21-0230/abortion-she-had-heart-wrenching-abortion-now-she-s-candidate-alabama,New Republic,https://newrepublic.com/article/180002/alabama-state-house-candidate-heart-wrenching-abortion,left,['Abortion']
Mar 20 2024,Report estimates increase in abortions in US since Dobbs decision,"SALT LAKE CITY — The number of abortions performed in the United States last year is estimated to have reached the highest level in more than a decade, despite state bans that took effect in multiple states after the Supreme Court overturned federal right to the procedure. A report published Tuesday by the Guttmacher Institute — an abortion rights advocacy group — estimates over 1 million",https://www.allsides.com/news/2024-03-20-1830/politics-report-estimates-increase-abortions-us-dobbs-decision,KSL,https://ksl.com/article/50956560/report-estimates-increase-in-abortions-in-us-since-dobbs-decision,center,['Politics']
Mar 20 2024,Anti-abortion advocates oppose CT constitutional amendment,"More than 1,500 anti-abortion activists marched on the Connecticut Capitol grounds Wednesday, calling on lawmakers to halt a proposal before the General Assembly that would enshrine reproductive rights in the state’s Constitution. The third annual March for Life drew religious leaders, Catholic school students and other advocates, including state lawmakers from both parties. This year’s",https://www.allsides.com/news/2024-03-21-0015/abortion-anti-abortion-advocates-oppose-ct-constitutional-amendment,CT Mirror,https://ctmirror.org/2024/03/20/ct-march-for-life-abortion-rally,center,['Abortion']
Mar 20 2024,"Citing Robinson’s nomination, Connecticut aims to poach NC companies","Some Connecticut lawmakers are hoping to lure businesses away from North Carolina by highlighting controversial rhetoric of a high-profile North Carolina politician. Democratic Senate leaders in the Nutmeg State wrote to officials in Connecticut’s Department of Economic and Community Development, urging them to “explore opportunities to attract businesses from the state of North Carolina to",https://www.allsides.com/news/2024-03-20-1545/general-news-citing-robinson-s-nomination-connecticut-aims-poach-nc-companies,WRAL,https://wral.com/story/citing-robinson-s-nomination-connecticut-aims-to-poach-nc-companies/21339252,center,['-General News']
Mar 20 2024,Sherrod Brown: New Republican Senate nominee ‘not fighting for Ohio’,"Sen. Sherrod Brown (D-Ohio) went after his opponent Bernie Moreno on Wednesday, a day after the Trump-backed Republican won the state’s contested primary. Brown said in an MSNBC “Morning Joe” interview that the difference between him and Moreno is clear. “My opponent has always looked out for himself. He’s even said he’s not going to work with people whom he disagrees with in Washington, which",https://www.allsides.com/news/2024-03-20-1130/politics-sherrod-brown-new-republican-senate-nominee-not-fighting-ohio,The Hill,https://thehill.com/homenews/campaign/4544984-sherrod-brown-opponent-moreno-ohio-senate,center,"['GOP', 'Politics']"
Mar 20 2024,Pregnancy care in Louisiana worsened after abortion ban,"A new report shows that pregnancy care has worsened in Louisiana, which banned abortion in 2022. The report finds that the ban has caused delays and denial of medical care and forced doctors to navigate between ethical duties to patients and their fear of penalties and prosecution.
Here & Now's Robin Young speaks with Payal Shah, one of the report's co-authors who is a human rights",https://www.allsides.com/news/2024-03-20-0945/abortion-pregnancy-care-louisiana-worsened-after-abortion-ban,WBUR,https://wbur.org/hereandnow/2024/03/20/pregnancy-care-louisiana,center,['Abortion']
Mar 20 2024,Supreme Court to hear abortion drug case that could impact Minnesota,"WASHINGTON — The latest front in the abortion wars is the legal battle at the U.S. Supreme Court over a pill that is used in medication abortions. Although Minnesota has enshrined the right to abortion into state law, the high court’s decision on the fate of the drug called mifepristone could impact the most popular way a pregnancy is terminated in the state. Like anything that has to do with",https://www.allsides.com/news/2024-03-20-0845/supreme-court-supreme-court-hear-abortion-drug-case-could-impact-minnesota,MinnPost,https://minnpost.com/national/2024/03/supreme-court-abortion-mifepriston-case-that-could-impact-popular-pregnancy-termination-in-minnesota,center,"['Abortion', 'Supreme Court']"
Mar 20 2024,"RFK Jr. on abortion, vaccines, housing and foreign policy","Independent presidential candidate Robert F. Kennedy Jr. holds a roundtable discussion on local impacts of the influx of migrants across the U.S.-Mexico border, with Cochise County law enforcement, elected officials and community members, at Cochise College in Sierra Vista, Arizona, U.S. February 6, 2024. REUTERS/Rebecca... Purchase Licensing Rights , opens new tab March 20 (Reuters) - Robert",https://www.allsides.com/news/2024-03-20-0830/coronavirus-rfk-jr-abortion-vaccines-housing-and-foreign-policy,Reuters,https://reuters.com/world/us/rfk-jr-abortion-vaccines-housing-foreign-policy-2024-03-20,center,"['Coronavirus', 'Abortion']"
Mar 20 2024,Arizona State Lawmaker Goes Public with Plan to Have an Abortion,"In a speech on the Arizona state Senate floor, Democrat Eva Burch shared she plans to obtain an abortion after receiving news her pregnancy is nonviable. The first-term lawmaker spoke about her struggles with fertility and a miscarriage she had over a decade ago. Sen. Eva Burch: “Two years ago, while I was campaigning for this Senate seat, I became pregnant with what we later determined was a",https://www.allsides.com/news/2024-03-20-0730/abortion-arizona-state-lawmaker-goes-public-plan-have-abortion,Democracy Now!,https://democracynow.org/2024/3/20/headlines/arizona_state_lawmaker_goes_public_with_plan_to_have_an_abortion,left,['Abortion']
Mar 20 2024,Nevada Judge Orders State To Remove Restrictions On Medicaid Abortion Coverage,"A Nevada judge ruled Tuesday that the state must allow Medicaid to cover all abortion procedures, arguing the current restrictions violate women’s rights, according to ABC News. In Nevada, Medicaid could only cover an abortions if they were due to rape, incest or if they threatened the mother’s life, according to ABC News. Clark County District Judge Erika Ballou announced that she was going",https://www.allsides.com/news/2024-03-20-0745/abortion-nevada-judge-orders-state-remove-restrictions-medicaid-abortion,The Daily Caller,https://dailycaller.com/2024/03/20/judge-orders-nevada-use-medicaid-cover-all-abortions,right,['Abortion']
Mar 20 2024,Trump suggests he’d support a national ban on abortions around 15 weeks of pregnancy,"Donald Trump suggested Tuesday that he’d support a national ban on abortions around 15 weeks of pregnancy, voicing for the first time support for a specific limit on the procedure.
The Republican former president has taken credit for striking down a federally guaranteed right to abortion by appointing three U.S. Supreme Court justices who voted to overturn Roe v. Wade. As he seeks the",https://www.allsides.com/news/2024-03-20-0549/abortion-trump-suggests-he-d-support-national-ban-abortions-around-15-weeks,Associated Press,https://apnews.com/article/trump-abortion-ban-15-weeks-91a9e0ce87d11dff0fa761f327bd0566,left,"['Abortion', 'Donald Trump']"
Mar 19 2024,Nevada judge blocks state from limiting Medicaid coverage for abortions,"LAS VEGAS (AP) — A Nevada judge has struck down the state’s limits on Medicaid coverage for services, saying the restrictions violate equal rights protections. Clark County District Judge Erika Ballou said Tuesday from the bench that she planned to issue a written order at a later date directing the state Department of Health and Human Services to grant Medicaid coverage for all abortions.",https://www.allsides.com/news/2024-03-19-1730/healthcare-nevada-judge-blocks-state-limiting-medicaid-coverage-abortions,Associated Press,https://apnews.com/article/nevada-abortions-medicaid-coverage-78a56fa749f42b713b292147edcdcb61,left,['Healthcare']
Mar 19 2024,Kamala Harris emerges as Democrats’ leading voice on abortion access,"“Get ready for the language: Uterus. That part of the body needs a lot of medical care from time to time. Issues like fibroids. We can handle this. Breast cancer screenings. Contraceptive care,” Harris said Thursday during a stop in Minnesota. “That is the kind of work that happens here, in addition of course to abortion care.” WASHINGTON — President Biden and Vice President Kamala Harris are",https://www.allsides.com/news/2024-03-19-1645/abortion-kamala-harris-emerges-democrats-leading-voice-abortion-access,The Boston Globe,https://bostonglobe.com/2024/03/19/nation/kamala-harris-biden-abortion-access,left,['Abortion']
Mar 19 2024,Panel discussing reproductive rights in Warren: It’s a ‘medical issue’,"Medical professionals and the state’s lieutenant governor had an educational reason to be in Warren Tuesday. Royal Oak obstetrician-gynecologist Dr. Sangeeta Kaur, physician assistant Nikki Vinckier met with Lt. Governor Garlin Gilchrist II and a group of local women at the Dovetail coffee shop and discussed infertility issues, surrogacy access, in vitro fertilization, and postnatal care.",https://www.allsides.com/news/2024-03-19-1645/general-news-panel-discussing-reproductive-rights-warren-it-s-medical-issue,Macomb Daily,https://macombdaily.com/2024/03/19/panel-discussing-reproductive-rights-its-a-medical-issue,rated,['-General News']
Mar 19 2024,Nebraska group launches new ballot initiative to limit abortions after 12 weeks,"The committee's proposed petition language, which has not yet been approved by Nebraska's Secretary of State, declares ""unborn children shall be protected from abortion in the second and third trimesters"" with the exceptions for rape, incest and medical emergencies. In a statement Tuesday, the initiative's organizers — Mark Patefield, a Laurel pharmacist and member of the State Board of Health",https://www.allsides.com/news/2024-03-19-1645/general-news-nebraska-group-launches-new-ballot-initiative-limit-abortions,Lincoln Journal Star,https://journalstar.com/news/state-regional/government-politics/nebraska-group-launches-new-ballot-initiative-to-limit-abortions-after-12-weeks/article_ec4772d0-e62f-11ee-8745-1fa31e955411.html,rated,['-General News']
Mar 19 2024,Democrat Marc Carmichael offer progressive approach in campaign for U.S. Senate,"Editors note: This is part of a series of stories covering the 2024 elections. Read the rest of the stories here. Democratic candidate Marc Carmichael hopes to offer Hoosiers a progressive option in the race to represent Indiana in the U.S. Senate, vying for a seat which has been held by now-Indiana Gubernatorial candidate Republican Mike Braun since 2019. Carmichael said he decided to run for",https://www.allsides.com/news/2024-03-19-1355/politics-democrat-marc-carmichael-offer-progressive-approach-campaign-us-senate,Indiana Daily Student,https://idsnews.com/article/2024/03/indiana-senate-democratic-primary-election-2024-marc-carmichael,center,"['DNC', 'Politics']"
Mar 19 2024,Arizona lawmaker uses floor speech to announce she'll seek an abortion,"Democratic Arizona Sen. Eva Burch plans to get an abortion after learning her pregnancy ""is not progressing and is not viable,"" she told her colleagues in the state Senate Monday. Why it matters: As Arizona voters may in November face a ballot initiative to expand abortion access, Burch — a nurse practitioner — said she wanted to illustrate how health care policies impact families. Between the",https://www.allsides.com/news/2024-03-19-1230/abortion-arizona-lawmaker-uses-floor-speech-announce-shell-seek-abortion,Axios,https://axios.com/local/phoenix/2024/03/19/arizona-lawmaker-abortion-announcement-eva-burch,left,['Abortion']
Mar 19 2024,Arizona State Senator tells colleagues she needs an abortion. Our laws could stop that from happening.,"State Senator Eva Burch shared her story to the Arizona Legislature, saying she wants to open meaningful conversations. Example video title will go here for this video Example video title will go here for this video PHOENIX — As the Arizona Supreme Court weighs whether or not to uphold an abortion ban from 1864, state Sen. Eva Burch (D-District 9) shared to her colleagues that she plans to get",https://www.allsides.com/news/2024-03-19-1130/abortion-arizona-state-senator-tells-colleagues-she-needs-abortion-our-laws,12News,https://12news.com/article/news/politics/arizona-state-senator-tells-colleagues-she-needs-an-abortion-our-laws-could-stop-that-from-happening/75-9adee569-a9a0-45c1-86cb-9587e93cd35b,center,['Abortion']
Mar 19 2024,When Trump Pretends To Be Pro-Choice,"From the Center


Donald Trump, who was once a pro-choice Democrat, remade himself during his presidency as the ultimate pro-life warrior, appointing three abortion opponents to the Supreme Court and almost single-handedly overturning Roe v. Wade. Trump was once viewed with such suspicion by evangelical and fundamentalist voters because of his inconsistent political biography and his libertine",https://www.allsides.com/blog/when-trump-pretends-be-pro-choice,Dan Schnur,,center,"['Donald Trump', 'Abortion', '2024 Presidential Election', 'Politics', 'Roe V Wade', 'Republican Party', 'Democratic Party']"
Mar 19 2024,Montana Supreme Court moves abortion measure closer to the ballot,"The Montana Supreme Court rejected state Attorney General Austin Knudsen’s assessment that a proposed ballot initiative regarding a right to abortion was legally insufficient, putting it one step closer to going before voters. In a 6-1 decision on Monday, the justices of the court ruled that Knudsen “erred” in his decision, which claimed the proposed ballot initiative, denoted as CI-14 by the",https://www.allsides.com/news/2024-03-19-0933/supreme-court-montana-supreme-court-moves-abortion-measure-closer-ballot,Washington Examiner,https://washingtonexaminer.com/news/justice/2927299/montana-supreme-court-moves-abortion-measure-closer-to-ballot,right,"['Abortion', 'Supreme Court']"
Mar 19 2024,Popping Abortion Pills Is Way More Dangerous Than Big Pharma Wants Women To Know,"This month, it was reported that two of the country’s largest pharmaceutical retailers will begin dispensing abortion-inducing medications mifepristone and misoprostol. This roll-out will start in “selected” pharmacies in Massachusetts and Rhode Island, with pharmacies in New York, Pennsylvania, California, and Illinois following suit in the ensuing weeks and months. What has not changed is",https://www.allsides.com/news/2024-03-19-0551/abortion-popping-abortion-pills-way-more-dangerous-big-pharma-wants-women-know,The Federalist,https://thefederalist.com/2024/03/19/popping-abortion-pills-is-way-more-dangerous-than-big-pharma-wants-women-to-know/,right,"['Abortion', 'Roe V Wade', 'Abortion Pills', 'Healthcare', 'Public Health']"
Mar 19 2024,"Fewer states allow abortions, yet American women are having more","On a commercial stretch of Queens, New York, across from a hair-braiding salon and next to a McDonald’s, two security guards mark the entrance to the Jamaica Sexual Health Clinic. For decades this has been the neighbourhood’s go-to place for sti testing and hiv treatment. Joaquin Aracena, from the Bureau of Public Health Clinics, proudly shows its newest addition: the reproductive-health wing",https://www.allsides.com/news/2024-03-19-0549/abortion-fewer-states-allow-abortions-yet-american-women-are-having-more,The Economist,https://www.economist.com/united-states/2024/03/19/fewer-states-allow-abortions-yet-american-women-are-having-more,left,"['Abortion', 'Roe V Wade', 'Abortion Pills', 'Healthcare', 'Public Health']"
Mar 19 2024,More Women Choose Abortion Pills as States Crack Down,"The fall of Roe v. Wade nearly two years ago fundamentally changed when, how and where women get abortions. Medication abortions have become more common despite the elimination of federal protections for the procedure, new data show. 
Medication abortion rose to account for nearly two-thirds of abortions in the U.S. in 2023, according to a report released Tuesday by the Guttmacher",https://www.allsides.com/news/2024-03-19-0548/abortion-more-women-choose-abortion-pills-states-crack-down,Wall Street Journal (News),https://www.wsj.com/health/abortion-pill-increase-roe-wade-68472ff8?mod=hp_lead_pos8,center,"['Abortion', 'Roe V Wade', 'Abortion Pills', 'Healthcare', 'Public Health']"
Mar 19 2024,Biden Looks to Shore Up Latino Support in Visit to Nevada and Arizona,"President Biden plans to visit Nevada and Arizona this week to champion his economic policies and attack Republicans on immigration and abortion as he seeks to shore up a crucial but wavering Latino electorate in the two battleground states. Mr. Biden will begin his trip on Tuesday in Reno, Nev., where he plans to promote his economic agenda and denounce former President Donald J. Trump over",https://www.allsides.com/news/2024-03-19-0230/politics-biden-looks-shore-latino-support-visit-nevada-and-arizona,New York Times (News),https://nytimes.com/2024/03/19/us/politics/biden-nevada-arizona.html,left,['Politics']
Mar 18 2024,"The Wider Image: After Roe v. Wade fell, this father-daughter duo left Texas to go on providing abortions",NaN,NaN,Colorado Springs Gazette,NaN,center,['Abortion']
Mar 18 2024,Ohio Supreme Court primary with 2 Democrats kicks off long campaign over court's partisan control,"Tuesday’s for one of three contested seats on the Ohio Supreme Court will kick off a high-stakes battle for partisan control of the court this fall. The court, which currently has a 4-3 Republican majority, holds sway over how to implement an protecting abortion rights that voters overwhelmingly approved last year. Ohio is one of 33 states with this year and among the few where voters have an",https://www.allsides.com/news/2024-03-18-2130/supreme-court-ohio-supreme-court-primary-2-democrats-kicks-long-campaign-over,Associated Press,https://apnews.com/article/election-2024-ohio-supreme-court-abortion-primary-21e758ce9b83a130e086f56d4a67b388,left,['Supreme Court']
Mar 18 2024,"Sanders adviser heads group trying to defeat proposed constitutional amendments on abortion, medical marijuana",NaN,NaN,Arkansas Democrat-Gazette,NaN,left,"['Abortion', 'DNC']"
Mar 18 2024,"Married nurse practitioner tried to force abortion pills into girlfriend, police say","Coots' wife, Melissa, is also charged with witness tampering after joining her husband in trying to persuade the woman to not go to the police, prosecutors say. A married nurse practitioner is accused of forcing abortion pills inside his girlfriend, who was also one of his patients, after she got pregnant. David Benjamin Coots is charged with assault in the second degree, rape in the third",https://www.allsides.com/news/2024-03-18-1133/abortion-married-nurse-practitioner-tried-force-abortion-pills-girlfriend,KING 5 News,https://king5.com/article/news/crime/married-nurse-tried-force-abortion-pills-girlfriend/281-dca21ddc-6e99-479b-817c-440a4f3e8505,center,"['Abortion', 'Crime']"
Mar 18 2024,Pro-life mobile clinic parked beside Oregon Planned Parenthood facility gets local support,"A pro-life mobile clinic parked alongside a Planned Parenthood facility in an Oregon city since last year has received considerable support from the community. Stanton Healthcare, a pro-life pregnancy resource center based in Idaho, sent its 36-foot mobile clinic to Ontario, Oregon, the day that Planned Parenthood opened up an abortion facility there last year. The Planned Parenthood facility",https://www.allsides.com/news/2024-03-18-0844/abortion-pro-life-mobile-clinic-parked-beside-oregon-planned-parenthood,The Christian Post,https://christianpost.com/news/pro-life-rv-parked-at-planned-parenthood-clinic-has-local-support.html,right,"['Abortion', 'Planned Parenthood']"
Mar 18 2024,Protecting abortion rights in states hangs in the balance of national election strategies,"ST. LOUIS — In early February, abortion rights supporters gathered to change Missouri history at the Pageant — a storied club where rock ’n’ roll revolutionary Chuck Berry often had played: They launched a signature-gathering campaign to put a constitutional amendment to voters this year to legalize abortion in the state. “We have fought long for this moment,” the Rev. Love Holt, the emcee,",https://www.allsides.com/news/2024-03-18-0333/abortion-protecting-abortion-rights-states-hangs-balance-national-election,"""USA Today"" Contributor",https://usatoday.com/story/news/nation/2024/03/18/abortion-ballot-measures-states-hinge-national-election-strategy/72996887007,left,['Abortion']
Mar 17 2024,Democratic women are scarce in Southern US statehouses,"Democrat Kayla Young and Republican Patricia Rucker frequently clash on abortion rights and just about everything else in West Virginia’s Legislature, but they agree on one thing: Too few of their colleagues are women, and it’s hurting the state. “There are exceptions to every single rule, but I think in general, men do kind of see this as their field,” said Rucker, part of the GOP’s Senate",https://www.allsides.com/news/2024-03-17-1233/politics-democratic-women-are-scarce-southern-us-statehouses,Daily Kos,https://dailykos.com/stories/2024/3/17/2229449/-Democratic-women-are-scarce-in-Southern-US-statehouses,left,"['DNC', 'Politics']"
Mar 17 2024,Alabama denies 'equal protection' for the unborn by allowing…,"Alabama laws against abortion are considered some of the best in the country when it comes to protecting the life of the unborn. However, Texas attorney and co-founder of Heritage Defense Bradley Pierce, who has authored “equal protection” bills around the country, believes it doesn’t go far enough. During a recent episode of “1819 News: The Podcast,” Pierce said abortions were still happening",https://www.allsides.com/news/2024-03-17-0530/general-news-alabama-denies-equal-protection-unborn-allowing,1819 News,https://1819news.com/news/item/alabama-denies-equal-protection-for-the-unborn-by-allowing-thousands-of-abortions-texas-attorney-says,right,['-General News']
Mar 16 2024,Pro-life oratory contest for high school students,"The 35th annual Right To Life Of Michigan Educational Fund High School Oratory Contest (family & friends welcome) will be held from 11 a.m. to 1 p.m. on Saturday, April 27 at the Southgate Public Library, 14680 Dix-Toledo Road, Southgate. High School students from Downriver, Dearborn and Dearborn Heights can enter the contest by researching, writing and presenting a 5-7 minute pro life",https://www.allsides.com/news/2024-03-17-0210/general-news-pro-life-oratory-contest-high-school-students,The News-Herald,https://thenewsherald.com/2024/03/17/pro-life-oratory-contest-for-high-school-students,rated,['-General News']
Mar 16 2024,Oklahoma bill targeting distribution of abortion-inducing drugs gains traction,NaN,NaN,KTUL 8,NaN,center,['Abortion']
Mar 16 2024,Kamala Harris Asserts 'Healthcare Crisis' In Landmark Visit To Abortion Clinic,"Vice President Kamala Harris declared that the country is facing a health crisis after she made a historic visit to an abortion clinic in Minnesota. ""Many of you have asked why am I here at this facility,"" Harris was quoted by USA Today after touring the St. Paul Health Center - Vandalia, which remained open to patients during her visit. ""It is because right now in our country we are facing a",https://www.allsides.com/news/2024-03-16-1030/abortion-kamala-harris-asserts-healthcare-crisis-landmark-visit-abortion-clinic,International Business Times,https://ibtimes.com/kamala-harris-asserts-healthcare-crisis-landmark-visit-abortion-clinic-3727341,center,['Abortion']
Mar 16 2024,Slate of GOP extremists has Democrats excited for North Carolina fight,"In 2020, Joe Biden narrowly missed capturing North Carolina’s 16 electoral votes, losing the state by a slim 1.4-percentage-point margin. But that was nearly four years ago. Before the Dobbs decision. Before Donald Trump’s 91 felony indictments. And before last week, when the state’s GOP voters nominated a guy—who favorably quotes Hitler, has compared LGBTQ+ people to insects and larvae, and",https://www.allsides.com/news/2024-03-16-0930/politics-slate-gop-extremists-has-democrats-excited-north-carolina-fight,Daily Kos,https://dailykos.com/stories/2024/3/16/2229608/-Slate-of-GOP-extremists-has-Democrats-excited-for-North-Carolina-fight,left,"['Politics', 'GOP']"
Mar 16 2024,Democrats criticize Youngkin appointment to State Board of Health,"Vega, who lost a close 2022 congressional contest to Democrat Abigail Spanberger in the 7th District, drew fire on abortion early in her campaign for celebrating the Supreme Court ruling that overturned Roe v. Wade and for appearing to suggest that impregnation might be less likely as a result of rape. According to audio that Axios posted in June 2022, an unidentified person said to Vega: ""I'",https://www.allsides.com/news/2024-03-16-0830/general-news-democrats-criticize-youngkin-appointment-state-board-health,Richmond Times Dispatch,https://richmond.com/news/state-regional/government-politics/youngkin-board-of-health-abortion-rape-vega/article_d37132f6-e327-11ee-9005-4b31230f86ca.html,right,['-General News']
Mar 16 2024,Noem signs bill allowing people to withdraw signatures from petitions,"PIERRE, S.D. (AP) – South Dakota Gov. Kristi Noem has signed a bill to allow signers of ballot initiative petitions to revoke their signatures — a move opponents decry as a jab at direct democracy and a proposed abortion rights initiative, which would enable voters to protect abortion rights in the state constitution. The Republican governor signed the bill on Friday. The Republican-led",https://www.allsides.com/news/2024-03-16-0533/general-news-noem-signs-bill-allowing-people-withdraw-signatures-petitions,KFGO,https://kfgo.com/2024/03/16/a-new-front-opens-over-south-dakota-ballot-initiatives-withdrawing-signatures-from-petitions,left,['-General News']
Mar 15 2024,A new front opens over South Dakota ballot initiatives: withdrawing signatures from petitions,"FILE - South Dakota Republican Rep. Jon Hansen poses in the House of Representatives in the state Capitol in Pierre, S.D., on Wednesday, Feb. 21, 2024. Hansen sponsored a bill Gov. Kristi Noem signed on Friday, March 15, 2024, that allows signers of initiative petitions to withdraw their signatures. (AP Photo/Jack Dura, File) South Dakota Gov. Kristi Noem has a signed a bill to allow signers",https://www.allsides.com/news/2024-03-15-1530/politics-new-front-opens-over-south-dakota-ballot-initiatives-withdrawing,Yahoo News,https://yahoo.com/news/front-opens-over-south-dakota-222023661.html,left,['Politics']
Mar 15 2024,Medical marijuana and abortion rights could be on Nebraska ballot,"Nebraska voters could be voting on several controversial ballot initiatives this November, including legalizing medical cannabis, enshrining abortion rights in the state constitution, requiring paid sick leave, and establishing a consumption tax—if they meet the July 3 deadline for signature collections. If approved, they’ll join a referendum already on the ballot aiming to repeal a law",https://www.allsides.com/news/2024-03-15-1233/abortion-medical-marijuana-and-abortion-rights-could-be-nebraska-ballot,"""USA Today"" Contributor",https://usatoday.com/story/news/politics/elections/2024/03/15/medical-marijuana-abortion-nebraska-ballot/72932984007,left,['Abortion']
Mar 15 2024,Appeals court upholds parental consent for birth control; Texas Medical Board to clarify abortion exceptions,"A U.S. appeals court has upheld a Texas law mandating parental consent for teenagers seeking birth control at federally funded clinics. “The federal program looks at free contraception for everyone,” Texas Tribune senior managing editor Ayan Mittra explains. “And so the justices on the court, in making this ruling affirming this lower court’s ruling about requiring parental consent to obtain",https://www.allsides.com/news/2024-03-15-1033/abortion-appeals-court-upholds-parental-consent-birth-control-texas-medical,Texas Standard,https://texasstandard.org/stories/fifth-circuit-appeals-court-texas-medical-board-parental-consent-birth-control-abortion-exceptions,center,['Abortion']
Mar 15 2024,Kamala Harris Decries “Healthcare Crisis” as She Visits Minnesota Abortion Clinic,"Vice President Kamala Harris visited a Planned Parenthood clinic in Saint Paul, Minnesota, on Thursday in the first such official visit by a president or vice president. The visit was part of Harris’s “Fight for Reproductive Freedoms” tour, as the Biden campaign seeks to capitalize on voter anger over the Supreme Court’s overturning of Roe v. Wade. This is Vice President Harris. Vice President",https://www.allsides.com/news/2024-03-15-0730/abortion-kamala-harris-decries-healthcare-crisis-she-visits-minnesota-abortion,Democracy Now!,https://democracynow.org/2024/3/15/headlines/kamala_harris_decries_healthcare_crisis_as_she_visits_minnesota_abortion_clinic,left,['Abortion']
Mar 15 2024,Arkansas could become the latest conservative state to put abortion before voters,"Arkansas is one of 20 states that have severely restricted or completely outlawed abortion in the nearly two years since the overturning of Roe v. Wade. Some anti-abortion groups consider the state's law one of the most restrictive in the nation. But now, an effort is underway to change that and give Arkansas voters a chance to enshrine some abortion protections into the state Constitution. If",https://www.allsides.com/news/2024-03-15-0425/abortion-arkansas-could-become-latest-conservative-state-put-abortion-voters,Southwest Times Record,https://swtimes.com/story/news/politics/2024/03/15/arkansas-abortion-amendment-activists-campaign-for-signatures/72959689007,rated,['Abortion']
Mar 15 2024,"Madison McVan, Author at Michigan Advance","Vice President Kamala Harris toured a St. Paul Planned Parenthood clinic Thursday, in what is thought to be the first visit by a sitting president or vice president to an abortion provider. Harris’ “Fight for Reproductive Freedoms” tour is meant to highlight the consequences of abortion bans. The Biden-Harris reelection campaign has sought to capitalize […]",https://www.allsides.com/news/2024-03-15-0355/general-news-madison-mcvan-author-michigan-advance,Michigan Advance,https://michiganadvance.com/author/madisonmcvan,center,['-General News']
Mar 14 2024,"Second 'Courageous Conversation' set for Tuesday, discussing eliminating South Dakota's food tax","Mar. 14—MITCHELL — Dakota Wesleyan University will offer the second of its three scheduled Courageous Conversations on upcoming South Dakota ballot initiatives on Tuesday, March 19, in the School of Business, Innovation and Leadership, Room 117, at 7 p.m. This conversation will encourage dialogue on the question, """"Should South Dakota eliminate the food tax?"" Each Courageous Conversation will",https://www.allsides.com/news/2024-03-14-1733/business-second-courageous-conversation-set-tuesday-discussing-eliminating,Yahoo News,https://yahoo.com/news/second-courageous-conversation-set-tuesday-234900522.html,left,['Business']
Mar 14 2024,Is TikTok's Time Up in the U.S.?,"Sign up for the AllSides Story of the Week Newsletter to receive this blog in your inbox every Thursday.
A bill is progressing through Congress that would give ByteDance, the Chinese company behind the highly popular short-form video app TikTok, an ultimatum: sell the app to an American company or be banned in the United States.
	
	For years, lawmakers have raised concern over the",https://www.allsides.com/blog/tiktoks-time-us,AllSides Staff,,12_0,"['TikTok', 'Defense And Security', 'China', 'Social Media']"
Mar 14 2024,Kamala Harris abortion clinic visit: Vice president makes historic trip to Minnesota Planned Parenthood,"People come to Minnesota these days in search of rights other states have taken away. On Thursday, Vice President Kamala Harris came to Minnesota to visit an abortion clinic. Not something you can do in every state. Not anymore. One by one, everyday rights we took for granted are being stripped or attacked. Don't want to get pregnant? Some states imposed abortion bans so sweeping they rule out",https://www.allsides.com/news/2024-03-14-1130/abortion-kamala-harris-abortion-clinic-visit-vice-president-makes-historic-trip,Star Tribune,https://startribune.com/kamala-harris-abortion-clinic-minnesota/600351104,left,"['Planned Parenthood', 'Abortion']"
Mar 14 2024,Pharmacies to begin dispensing abortion pills,"NEW HAVEN, Conn. (WTNH) — In what President Joseph Biden has called an important milestone for U.S. health care, two of the nation’s largest pharmacy chains – CVS and Walgreens – are going to start dispensing the abortion pill mifepristone at select retail locations beginning later this month.
Dr. Sten Vermund, a licensed pediatrician and former dean of the Yale School of Public Health",https://www.allsides.com/news/2024-03-14-1033/abortion-pharmacies-begin-dispensing-abortion-pills,WTNH,https://wtnh.com/news/health/pharmacies-to-begin-dispensing-abortion-pills,center,['Abortion']
